Designator,Comment,Footprint,LCSC
"C1,C2,C10,C11","15p","Capacitor_SMD:C_0402_1005Metric","C1548"
"C3,C6,C7,C8","100n","Capacitor_SMD:C_0402_1005Metric","C1525"
"C4,C5,C12,C13","4.7u","Capacitor_SMD:C_0603_1608Metric","C1705"
"C9,C14,C15","10u","Capacitor_SMD:C_0805_2012Metric","C1713"
"C16,C17","1u","Capacitor_SMD:C_0402_1005Metric","C14445"
"D1,D2,D3,D4,D5,D6,D7,D8,D9,D10,D11,D12,D13,D14,D15,D16,D17,D18,D19,D20,D21,D22,D23,D24,D25,D26,D27,D28,D29,D30,D31,D32,D33","LED","LED_SMD:LED_0402_1005Metric","C965790"
"FB1,FB2","Ferrite_Bead_Small","Inductor_SMD:L_0805_2012Metric","C668237"
"J1,J2","USB_B_Micro","Connector_USB:USB_Micro-B_Amphenol_10103594-0001LF_Horizontal","C428495"
"J3,J5","Conn_01x30","Connector_PinHeader_2.54mm:PinHeader_1x30_P2.54mm_Horizontal",""
"J4","Conn_02x06_Odd_Even","Connector_PinHeader_2.54mm:PinHeader_2x06_P2.54mm_Horizontal",""
"J7,J8","Conn_01x02","Connector_PinHeader_2.54mm:PinHeader_1x02_P2.54mm_Horizontal",""
"L1,L2","2.2uH","Inductor_SMD:L_Taiyo-Yuden_NR-40xx","C2929416"
"Q1,Q3,Q5,Q7,Q9,Q11,Q13,Q15,Q17,Q19,Q21,Q23,Q25,Q27,Q29,Q31,Q33,Q35,Q37,Q39,Q41,Q43,Q45,Q47,Q49,Q51,Q53,Q55,Q57,Q59,Q61,Q63","Q_PMOS_GSD","Package_TO_SOT_SMD:SOT-23","C8547"
"Q2,Q4,Q6,Q8,Q10,Q12,Q14,Q16,Q18,Q20,Q22,Q24,Q26,Q28,Q30,Q32,Q34,Q36,Q38,Q40,Q42,Q44,Q46,Q48,Q50,Q52,Q54,Q56,Q58,Q60,Q62,Q64","Q_NMOS_GSD","Package_TO_SOT_SMD:SOT-23","C8548"
"R1","12k","Resistor_SMD:R_0402_1005Metric","C25752"
"R2,R3,R6,R20,R22,R62,R63","10k","Resistor_SMD:R_0402_1005Metric","C25744"
"R4","2.2k","Resistor_SMD:R_0402_1005Metric","C25879"
"R5,R8,R9,R12,R13,R16,R17,R30,R31,R32,R33,R34,R35,R36,R37,R38,R39,R40,R41,R42,R43,R44,R45,R46,R47,R48,R49,R50,R51,R52,R53,R54,R55,R56,R57,R58,R59,R60,R61","1k","Resistor_SMD:R_0402_1005Metric","C11702"
"R7","220","Resistor_SMD:R_0402_1005Metric","C25151"
"R10,R11,R18,R19","49.9k","Resistor_SMD:R_0402_1005Metric","C25897"
"R14,R15","100m","Resistor_SMD:R_0805_2012Metric","C474291"
"R21,R23","15k","Resistor_SMD:R_0402_1005Metric","C25756"
"R24,R25","27","Resistor_SMD:R_0402_1005Metric","C25100"
"R26,R28","100k","Resistor_SMD:R_0402_1005Metric","C25741"
"R27,R29","150k","Resistor_SMD:R_0402_1005Metric","C25755"
"SW1","SW_Omron_B3FS","Button_Switch_THT:SW_PUSH_6mm","C493038"
"U1","93CxxC","Package_SO:TSSOP-8_3x3mm_P0.65mm","C2061936"
"U2","FT2232HL","Package_QFP:LQFP-64_10x10mm_P0.5mm","C27882"
"U3","NCP1117-3.3_SOT223","Package_TO_SOT_SMD:SOT-223-3_TabPin2","C26537"
"U4","W25Q128JVS","Package_SO:SOIC-8_5.23x5.23mm_P1.27mm","C97521"
"U5,U7","TLV62568DBV","Package_TO_SOT_SMD:SOT-23-5","C398370"
"U6,U8,U9","TPL0501-100DCNR","Package_TO_SOT_SMD:SOT-23-8","C131323"
"U10,U11","LM321","Package_TO_SOT_SMD:SOT-23-5","C5252901"
"U12","RP2040","Package_DFN_QFN:QFN-56-1EP_7x7mm_P0.4mm_EP4x4mm_ThermalVias","C2040"
"U13","TXS0108EPW","Package_SO:TSSOP-20_4.4x6.5mm_P0.65mm","C17206"
"U14,U15","CD74HC4067M","Package_SO:SOIC-24W_7.5x15.4mm_P1.27mm","C496123"
"U16,U18,U20,U22,U24,U26,U28,U30","74HC595","Package_SO:SOIC-16_3.9x9.9mm_P1.27mm","C431479"
"U17,U19,U21,U23,U25,U27,U29,U31","LM2901","Package_SO:SOIC-14_3.9x8.7mm_P1.27mm","C7932"
"Y1,Y2","ABM8-272-T3","Crystal:Crystal_SMD_3225-4Pin_3.2x2.5mm","C70565"
